elephant_id,day_of_season,hour_of_day,longitude_km,latitude_km,ambient_temp_c,true_region
EL-620,74,5,23.94,30.079,30.7,Migration Corridor
EL-342,29,18,44.314,12.001,32.8,Home Range
EL-656,83,0,24.634,7.821,30.9,Feeding Ground
EL-700,12,13,19.224,29.798,30.7,Migration Corridor
EL-186,58,13,8.617,39.749,24.2,Main Waterhole
EL-320,40,19,7.938,40.212,32.5,Main Waterhole
EL-944,38,14,18.397,30.877,25.4,Migration Corridor
EL-700,37,18,26.079,10.875,28.6,Feeding Ground
EL-790,9,19,0.228,24.685,18.0,Stray/Noise
EL-992,11,17,42.902,37.66,26.9,Secondary Waterhole
EL-136,86,23,25.803,7.881,26.9,Feeding Ground
EL-996,21,16,23.08,6.794,25.7,Feeding Ground
EL-411,25,19,41.44,37.693,25.0,Secondary Waterhole
EL-173,26,21,30.357,30.378,32.3,Migration Corridor
EL-125,41,0,7.564,39.907,21.1,Main Waterhole
EL-205,25,19,14.169,33.399,28.8,Migration Corridor
EL-843,39,14,42.382,37.969,26.5,Secondary Waterhole
EL-253,85,13,30.396,30.111,25.4,Migration Corridor
EL-983,4,13,7.744,39.921,26.5,Main Waterhole
EL-423,71,16,45.041,10.64,27.9,Home Range
EL-235,23,20,17.304,31.393,29.0,Migration Corridor
EL-966,49,16,35.282,33.566,24.7,Migration Corridor
EL-297,6,2,8.262,40.292,22.6,Main Waterhole
EL-534,33,12,8.61,40.155,31.4,Migration Corridor
EL-131,34,20,41.762,38.717,27.0,Secondary Waterhole
EL-731,13,20,3.213,29.709,23.4,Stray/Noise
EL-730,51,19,8.467,39.633,23.9,Main Waterhole
EL-448,62,7,10.511,37.316,27.3,Migration Corridor
EL-545,51,0,8.58,39.459,22.1,Migration Corridor
EL-955,51,4,8.643,40.094,24.1,Main Waterhole
EL-903,43,10,8.379,40.485,27.4,Main Waterhole
EL-148,27,23,24.205,9.121,30.8,Feeding Ground
EL-721,21,22,41.68,37.305,27.0,Secondary Waterhole
EL-832,21,4,42.184,37.365,28.4,Secondary Waterhole
EL-628,70,6,42.237,38.009,24.7,Secondary Waterhole
EL-703,69,19,25.874,8.356,27.8,Feeding Ground
EL-693,52,8,8.259,39.411,28.5,Main Waterhole
EL-611,29,5,42.43,37.814,25.8,Secondary Waterhole
EL-740,3,19,26.107,7.53,18.7,Feeding Ground
EL-596,56,5,41.558,38.043,21.8,Migration Corridor
EL-359,16,23,27.728,23.036,34.8,Stray/Noise
EL-271,37,17,41.7,38.366,28.2,Secondary Waterhole
EL-129,36,12,43.331,13.347,33.0,Home Range
EL-605,72,5,14.931,34.044,13.2,Migration Corridor
EL-429,69,23,42.285,38.389,31.3,Secondary Waterhole
EL-360,9,21,42.42,37.933,24.2,Secondary Waterhole
EL-533,2,11,45.957,13.034,22.1,Home Range
EL-585,39,14,41.993,37.286,22.9,Secondary Waterhole
EL-927,35,8,44.071,12.848,21.0,Home Range
EL-145,10,20,7.484,39.444,23.7,Main Waterhole
EL-248,10,3,26.233,8.685,28.1,Feeding Ground
EL-149,9,1,25.047,7.929,27.3,Feeding Ground
EL-743,36,7,7.895,39.983,28.6,Main Waterhole
EL-852,36,8,13.433,34.909,27.7,Migration Corridor
EL-701,50,13,46.025,19.143,22.7,Stray/Noise
EL-888,4,3,27.595,29.041,31.1,Migration Corridor
EL-993,76,23,46.314,11.048,29.5,Home Range
EL-183,2,15,47.39,13.649,32.7,Home Range
EL-844,80,16,43.785,12.632,29.3,Home Range
EL-130,36,21,45.204,14.722,25.2,Home Range
EL-321,88,8,27.372,28.952,21.5,Migration Corridor
EL-726,6,7,8.432,40.083,31.3,Main Waterhole
EL-558,66,13,41.539,37.177,30.9,Secondary Waterhole
EL-484,18,4,38.305,34.824,27.5,Migration Corridor
EL-190,28,10,8.292,39.766,26.1,Main Waterhole
EL-647,5,20,7.597,40.059,22.7,Main Waterhole
EL-146,23,15,7.613,40.346,29.3,Main Waterhole
EL-457,56,18,14.204,34.148,27.1,Migration Corridor
EL-842,51,13,40.5,27.64,24.7,Stray/Noise
EL-534,58,16,8.582,40.043,25.8,Main Waterhole
EL-886,25,15,41.757,37.958,32.7,Secondary Waterhole
EL-463,77,6,14.986,32.632,28.1,Migration Corridor
EL-322,43,23,41.551,37.76,20.9,Secondary Waterhole
EL-978,2,21,42.186,37.845,23.7,Secondary Waterhole
EL-558,30,1,42.678,37.88,25.3,Secondary Waterhole
EL-692,39,9,41.463,38.553,34.3,Secondary Waterhole
EL-201,56,23,41.899,37.684,16.7,Secondary Waterhole
EL-550,69,5,14.874,33.467,33.4,Migration Corridor
EL-183,12,1,8.187,40.07,31.4,Main Waterhole
EL-107,2,13,8.437,39.902,28.5,Main Waterhole
EL-317,56,9,7.686,40.142,30.9,Main Waterhole
EL-398,67,11,42.747,12.378,33.1,Home Range
EL-459,25,10,44.097,14.713,30.4,Home Range
EL-155,83,19,8.163,40.34,21.3,Main Waterhole
EL-549,32,11,42.618,37.922,30.3,Secondary Waterhole
EL-672,67,23,7.637,40.202,28.3,Main Waterhole
EL-767,47,3,42.3,38.654,24.2,Secondary Waterhole
EL-918,50,19,42.262,38.057,35.5,Secondary Waterhole
EL-512,7,7,25.055,8.653,31.9,Feeding Ground
EL-301,26,11,7.781,40.536,24.8,Main Waterhole
EL-406,56,7,8.585,39.617,18.2,Main Waterhole
EL-567,4,20,41.541,37.641,32.0,Secondary Waterhole
EL-390,34,14,46.032,11.24,18.0,Home Range
EL-442,37,13,47.816,32.379,31.2,Stray/Noise
EL-475,84,2,24.207,9.332,29.1,Feeding Ground
EL-283,18,18,24.033,8.501,24.1,Feeding Ground
EL-879,15,11,24.738,7.316,25.7,Feeding Ground
EL-249,61,7,8.185,39.925,33.0,Main Waterhole
EL-501,29,9,47.214,11.6,22.9,Home Range
EL-317,22,23,24.575,28.457,29.7,Migration Corridor
EL-141,89,20,44.669,12.316,21.9,Home Range
EL-670,11,9,44.228,8.915,27.1,Home Range
EL-305,67,22,41.71,37.617,23.2,Secondary Waterhole
EL-638,55,21,25.676,9.45,29.7,Feeding Ground
EL-241,58,15,36.04,31.631,29.3,Migration Corridor
EL-652,31,20,41.413,37.6,32.2,Secondary Waterhole
EL-272,89,8,8.284,40.192,32.2,Main Waterhole
EL-415,9,12,38.691,36.157,25.5,Migration Corridor
EL-602,70,10,7.809,40.134,23.9,Main Waterhole
EL-661,55,17,7.771,39.831,30.6,Main Waterhole
EL-771,31,1,42.718,9.241,23.5,Home Range
EL-775,20,22,42.469,38.585,33.3,Secondary Waterhole
EL-404,67,11,42.151,38.413,19.6,Secondary Waterhole
EL-898,77,12,42.011,38.35,18.4,Secondary Waterhole
EL-132,76,12,17.511,31.644,24.3,Migration Corridor
EL-647,14,17,32.719,30.903,27.6,Migration Corridor
EL-110,27,22,17.647,39.388,19.7,Stray/Noise
EL-488,77,1,8.304,39.488,28.8,Main Waterhole
EL-142,87,4,8.352,39.932,31.8,Main Waterhole
EL-375,22,14,7.779,40.416,36.5,Main Waterhole
EL-397,8,19,41.755,38.308,27.3,Secondary Waterhole
EL-525,5,7,17.604,31.195,20.9,Migration Corridor
EL-722,28,4,25.527,9.279,25.3,Feeding Ground
EL-836,73,8,48.053,12.737,24.9,Home Range
EL-436,76,19,7.757,40.18,28.1,Main Waterhole
EL-694,44,20,8.538,39.732,31.4,Main Waterhole
EL-353,7,16,8.381,39.966,22.6,Main Waterhole
EL-667,77,23,7.76,40.53,25.1,Main Waterhole
EL-229,26,19,7.769,39.492,20.3,Main Waterhole
EL-800,54,23,8.05,40.406,23.9,Main Waterhole
EL-722,51,18,10.23,37.987,28.7,Migration Corridor
EL-227,63,1,41.959,38.752,31.3,Secondary Waterhole
EL-834,69,3,8.179,40.076,32.3,Main Waterhole
EL-819,24,20,41.79,38.84,22.2,Secondary Waterhole
EL-277,59,13,38.852,35.097,23.0,Migration Corridor
EL-862,6,16,25.511,8.094,22.0,Feeding Ground
EL-119,79,4,7.852,40.42,25.2,Main Waterhole
EL-609,18,19,23.756,9.174,18.6,Feeding Ground
EL-693,19,0,44.237,10.473,27.3,Home Range
EL-629,75,16,34.392,20.909,23.2,Stray/Noise
EL-141,32,21,44.8,10.447,22.5,Home Range
EL-731,49,21,7.624,39.762,21.1,Main Waterhole
EL-106,50,2,24.388,8.178,28.9,Feeding Ground
EL-428,13,15,24.208,8.074,31.1,Feeding Ground
EL-896,76,3,41.878,37.206,30.2,Secondary Waterhole
EL-520,85,1,26.416,8.612,29.5,Feeding Ground
EL-547,32,11,32.371,31.338,29.5,Migration Corridor
EL-249,63,11,28.28,28.137,27.7,Migration Corridor
EL-158,71,18,20.839,31.212,23.2,Migration Corridor
EL-653,7,16,44.35,10.208,32.3,Home Range
EL-152,15,23,8.313,40.161,27.3,Main Waterhole
EL-387,89,22,49.37,11.674,18.7,Home Range
EL-230,84,14,42.074,37.956,21.4,Secondary Waterhole
EL-735,43,4,8.325,40.27,23.4,Main Waterhole
EL-405,28,5,7.678,40.129,21.8,Main Waterhole
EL-284,20,16,7.635,39.729,34.1,Main Waterhole
EL-896,76,17,41.466,37.776,31.0,Secondary Waterhole
EL-389,71,15,7.908,40.133,31.2,Main Waterhole
EL-698,19,17,37.53,35.117,26.9,Migration Corridor
EL-680,31,9,41.707,37.787,23.8,Secondary Waterhole
EL-365,4,4,23.667,9.992,23.3,Feeding Ground
EL-742,50,21,8.051,39.867,25.6,Main Waterhole
EL-510,3,1,46.22,10.467,27.0,Home Range
EL-637,3,21,42.353,37.746,19.8,Secondary Waterhole
EL-679,13,17,20.983,30.441,27.4,Migration Corridor
EL-755,12,16,25.451,6.376,31.0,Feeding Ground
EL-870,60,12,43.713,11.183,33.7,Home Range
EL-807,16,17,41.721,37.958,25.9,Secondary Waterhole
EL-702,58,16,41.979,38.839,21.5,Secondary Waterhole
EL-830,6,10,44.347,11.607,17.4,Home Range
EL-520,68,22,24.48,8.647,28.2,Feeding Ground
EL-239,36,13,42.223,38.23,28.7,Secondary Waterhole
EL-843,78,16,24.835,8.258,19.0,Feeding Ground
EL-965,38,3,8.826,40.07,26.7,Main Waterhole
EL-150,25,4,7.758,39.624,10.8,Main Waterhole
EL-978,76,11,31.661,31.358,17.8,Migration Corridor
EL-540,26,14,9.492,37.906,21.6,Migration Corridor
EL-870,60,10,7.687,40.097,25.4,Main Waterhole
EL-765,40,4,42.612,38.488,16.0,Secondary Waterhole
EL-870,48,10,25.268,7.623,35.4,Feeding Ground
EL-972,64,2,42.002,37.796,30.2,Secondary Waterhole
EL-662,22,10,8.031,40.101,36.4,Main Waterhole
EL-396,67,14,41.198,37.79,17.8,Secondary Waterhole
EL-242,64,16,45.639,14.976,13.4,Home Range
EL-817,43,4,26.941,29.241,25.5,Migration Corridor
EL-495,8,2,41.412,38.831,28.1,Secondary Waterhole
EL-632,80,21,20.055,29.016,26.6,Migration Corridor
EL-613,55,18,42.953,38.264,29.2,Secondary Waterhole
EL-842,74,17,41.81,15.176,25.6,Home Range
EL-953,42,8,7.795,40.271,20.8,Main Waterhole
EL-863,41,21,7.709,40.166,26.0,Main Waterhole
EL-886,3,12,12.415,35.213,21.6,Migration Corridor
EL-639,43,4,17.263,31.577,24.3,Migration Corridor
EL-611,74,13,20.636,28.938,26.2,Migration Corridor
EL-723,85,13,24.303,9.873,28.4,Feeding Ground
EL-941,9,9,41.877,38.369,27.9,Secondary Waterhole
EL-614,87,23,25.491,9.326,31.4,Feeding Ground
EL-247,70,13,7.81,39.709,27.3,Main Waterhole
EL-649,21,23,7.41,39.698,23.2,Main Waterhole
EL-124,26,6,41.811,38.431,32.6,Secondary Waterhole
EL-184,30,10,29.104,30.301,26.8,Migration Corridor
EL-268,22,9,44.291,12.281,22.8,Home Range
EL-329,16,21,8.333,39.974,23.2,Main Waterhole
EL-990,85,4,7.527,40.041,23.4,Main Waterhole
EL-867,72,6,8.451,40.047,27.9,Main Waterhole
EL-234,20,18,7.869,39.924,27.4,Main Waterhole
EL-777,68,8,42.25,38.608,42.6,Secondary Waterhole
EL-329,64,0,7.935,39.646,25.7,Main Waterhole
EL-585,85,12,31.363,29.985,30.0,Migration Corridor
EL-645,60,23,27.881,30.005,35.7,Migration Corridor
EL-838,9,23,7.993,39.603,17.4,Main Waterhole
EL-416,33,4,25.477,7.678,25.1,Feeding Ground
EL-592,75,1,42.715,37.002,28.9,Secondary Waterhole
EL-827,43,0,41.699,38.885,25.4,Secondary Waterhole
EL-305,19,1,17.1,32.453,31.9,Migration Corridor
EL-618,3,15,8.474,39.838,31.7,Main Waterhole
EL-586,64,15,7.817,39.894,35.9,Main Waterhole
EL-942,21,18,31.041,45.987,24.8,Stray/Noise
EL-857,23,5,25.69,7.189,33.8,Feeding Ground
EL-459,46,10,41.545,36.947,25.4,Secondary Waterhole
EL-888,41,3,8.182,39.236,25.6,Main Waterhole
EL-543,32,0,25.763,7.328,30.9,Feeding Ground
EL-674,15,23,25.035,8.613,19.8,Feeding Ground
EL-293,23,11,8.121,39.651,35.5,Main Waterhole
EL-509,69,6,8.05,40.058,31.8,Main Waterhole
EL-670,11,2,43.974,27.008,29.2,Stray/Noise
EL-326,30,9,40.83,38.526,18.3,Secondary Waterhole
EL-946,66,22,44.676,12.482,22.5,Home Range
EL-849,60,2,41.77,37.68,28.7,Secondary Waterhole
EL-891,38,10,40.117,37.991,29.4,Migration Corridor
EL-959,65,6,37.726,34.567,18.5,Migration Corridor
EL-120,9,9,7.609,40.105,30.5,Main Waterhole
EL-390,14,17,25.096,7.965,31.7,Feeding Ground
EL-893,88,22,41.59,37.733,18.3,Secondary Waterhole
EL-333,61,19,44.497,11.623,18.3,Home Range
EL-635,25,7,32.485,30.24,21.0,Migration Corridor
EL-942,16,22,32.324,6.877,29.5,Stray/Noise
EL-206,74,0,35.407,32.482,39.5,Migration Corridor
EL-720,88,10,39.066,35.908,26.5,Migration Corridor
EL-423,50,15,23.346,9.62,32.1,Feeding Ground
EL-251,48,2,42.31,37.944,26.1,Secondary Waterhole
EL-995,72,6,25.638,7.912,32.6,Feeding Ground
EL-710,57,6,40.826,36.579,27.5,Migration Corridor
EL-476,56,1,37.036,33.833,31.4,Migration Corridor
EL-277,29,16,40.902,38.573,26.7,Secondary Waterhole
EL-920,9,14,43.098,16.074,30.9,Home Range
EL-447,79,7,43.492,13.203,28.7,Home Range
EL-522,56,10,45.804,13.557,21.8,Home Range
EL-847,29,17,10.362,39.014,26.8,Migration Corridor
EL-878,19,9,29.93,29.309,36.5,Migration Corridor
EL-867,5,6,8.372,40.195,22.6,Main Waterhole
EL-480,9,8,7.819,40.161,29.1,Main Waterhole
EL-909,43,10,27.047,8.997,30.8,Feeding Ground
EL-967,87,12,15.278,32.26,23.3,Migration Corridor
EL-839,17,3,24.617,8.691,26.7,Feeding Ground
EL-139,76,20,38.828,35.179,30.4,Migration Corridor
EL-205,80,11,41.416,38.947,31.6,Secondary Waterhole
EL-517,41,23,8.347,40.194,34.2,Main Waterhole
EL-529,60,2,8.18,40.306,27.1,Main Waterhole
EL-542,84,20,41.746,37.022,37.4,Secondary Waterhole
EL-939,47,20,41.498,37.87,25.5,Secondary Waterhole
EL-925,44,16,42.0,37.567,20.5,Secondary Waterhole
EL-388,86,20,41.607,38.502,28.8,Secondary Waterhole
EL-348,3,7,8.375,39.873,24.7,Main Waterhole
EL-421,15,18,8.039,39.875,24.9,Main Waterhole
EL-890,6,14,25.778,9.053,19.9,Feeding Ground
EL-786,56,6,43.773,9.599,24.9,Home Range
EL-684,72,10,15.446,33.656,36.7,Migration Corridor
EL-674,43,20,23.474,7.838,30.8,Feeding Ground
EL-731,57,11,9.058,39.645,24.2,Main Waterhole
EL-957,89,1,17.754,31.981,25.2,Migration Corridor
EL-913,9,20,41.836,37.414,25.0,Secondary Waterhole
EL-428,56,19,46.717,13.157,22.9,Home Range
EL-985,73,22,8.386,40.312,23.5,Main Waterhole
EL-852,86,21,41.565,8.504,28.9,Home Range
EL-975,62,9,44.721,10.142,22.8,Home Range
EL-894,70,17,20.254,29.46,36.0,Migration Corridor
EL-135,11,23,24.015,8.801,32.5,Feeding Ground
EL-141,2,23,8.035,39.672,16.6,Main Waterhole
EL-662,4,3,42.667,10.575,19.6,Home Range
EL-545,79,21,25.011,8.021,30.8,Feeding Ground
EL-202,16,16,7.764,40.541,24.3,Main Waterhole
EL-489,16,13,44.657,11.511,29.1,Home Range
EL-380,79,3,8.302,39.828,25.8,Main Waterhole
EL-513,31,0,42.511,30.676,34.8,Stray/Noise
EL-760,62,8,8.29,39.432,29.1,Main Waterhole
EL-245,44,20,44.329,16.531,25.9,Home Range
EL-704,67,18,7.619,39.725,26.6,Main Waterhole
EL-785,36,20,1.719,29.538,23.1,Stray/Noise
EL-490,1,2,6.61,32.188,26.5,Stray/Noise
EL-361,66,22,45.105,14.888,22.3,Home Range
EL-781,13,19,42.154,37.397,27.6,Secondary Waterhole
EL-437,59,13,20.546,30.099,30.1,Migration Corridor
EL-363,9,7,7.712,39.891,26.4,Main Waterhole
EL-447,44,4,41.842,37.304,25.3,Secondary Waterhole
EL-970,52,17,25.973,8.257,28.6,Feeding Ground
EL-805,2,0,39.544,35.646,35.1,Migration Corridor
EL-470,6,1,37.515,33.554,23.3,Migration Corridor
EL-287,68,21,25.175,9.268,34.1,Feeding Ground
EL-179,89,3,8.322,39.992,24.2,Main Waterhole
EL-981,68,15,22.414,27.678,19.9,Migration Corridor
EL-845,66,9,23.838,8.335,24.1,Feeding Ground
EL-948,62,22,42.105,38.743,25.5,Secondary Waterhole
EL-141,82,0,24.561,29.388,19.5,Migration Corridor
EL-909,4,21,13.358,34.955,30.3,Migration Corridor
EL-876,58,14,17.525,29.394,26.5,Stray/Noise
EL-738,61,9,8.632,39.67,25.4,Main Waterhole
EL-148,20,14,7.212,39.81,19.9,Main Waterhole
EL-682,36,17,45.286,12.444,35.7,Home Range
EL-781,23,5,8.128,39.553,29.1,Main Waterhole
EL-815,4,0,45.091,12.031,28.0,Home Range
EL-413,72,17,25.359,8.877,23.5,Feeding Ground
EL-853,49,9,7.268,39.719,21.3,Main Waterhole
EL-218,50,23,41.74,38.515,27.0,Secondary Waterhole
EL-694,44,14,41.105,38.201,43.2,Secondary Waterhole
EL-732,48,15,29.2,29.817,31.5,Migration Corridor
EL-281,13,3,27.652,29.031,16.6,Migration Corridor
EL-327,29,3,24.499,9.562,13.9,Feeding Ground
EL-431,39,20,15.799,34.032,19.2,Migration Corridor
EL-852,22,11,44.307,9.508,34.7,Home Range
EL-487,40,20,38.662,35.174,33.2,Migration Corridor
EL-230,29,0,8.578,40.225,33.2,Migration Corridor
EL-845,60,10,8.131,39.712,22.6,Main Waterhole
EL-526,8,0,42.383,38.702,32.4,Secondary Waterhole
EL-719,86,5,26.2,8.738,21.5,Feeding Ground
EL-461,69,21,24.577,6.891,24.7,Feeding Ground
EL-938,24,7,24.344,6.865,27.9,Feeding Ground
EL-996,67,7,8.139,39.803,29.7,Main Waterhole
EL-371,67,7,41.496,37.084,23.1,Secondary Waterhole
EL-744,7,23,23.909,9.579,19.1,Feeding Ground
EL-604,72,16,25.139,7.885,33.3,Feeding Ground
EL-820,58,3,45.499,13.916,19.5,Home Range
EL-556,48,16,28.771,29.785,31.9,Migration Corridor
EL-749,45,8,25.815,8.374,20.1,Feeding Ground
EL-814,13,11,41.618,38.652,18.1,Secondary Waterhole
EL-294,13,13,45.145,9.913,28.0,Home Range
EL-736,56,22,41.642,38.101,27.3,Secondary Waterhole
EL-552,19,17,41.172,37.904,20.7,Secondary Waterhole
EL-267,53,1,10.838,37.836,10.4,Migration Corridor
EL-245,76,5,7.877,40.256,23.2,Main Waterhole
EL-557,3,20,41.768,37.693,30.6,Secondary Waterhole
EL-197,2,0,7.74,39.016,24.1,Main Waterhole
EL-271,29,20,43.319,12.381,23.4,Home Range
EL-234,83,23,9.509,38.187,25.9,Migration Corridor
EL-469,34,17,8.535,40.398,28.2,Main Waterhole
EL-785,42,7,8.59,39.974,23.7,Main Waterhole
EL-232,63,20,8.206,40.015,36.7,Main Waterhole
EL-131,21,22,14.175,34.223,15.6,Migration Corridor
EL-533,64,17,31.723,30.761,21.2,Migration Corridor
EL-759,13,3,8.728,39.829,29.1,Main Waterhole
EL-970,9,9,7.981,40.417,23.5,Main Waterhole
EL-742,62,23,41.134,38.859,25.4,Secondary Waterhole
EL-944,66,2,22.98,7.575,26.3,Feeding Ground
EL-736,55,4,43.085,10.182,30.9,Home Range
EL-235,65,10,25.372,7.906,33.2,Feeding Ground
EL-415,58,1,24.812,29.072,36.3,Migration Corridor
EL-524,28,20,41.643,38.47,21.6,Secondary Waterhole
EL-681,25,10,8.015,39.617,25.1,Main Waterhole
EL-987,49,22,25.955,8.755,28.6,Feeding Ground
EL-381,3,1,23.639,9.172,23.7,Feeding Ground
EL-831,6,19,42.2,38.552,39.9,Secondary Waterhole
EL-556,42,19,24.488,7.627,29.2,Feeding Ground
EL-798,29,13,42.399,37.867,27.2,Secondary Waterhole
EL-560,41,0,41.826,37.717,29.9,Secondary Waterhole
EL-139,63,16,20.279,19.815,29.3,Stray/Noise
EL-558,25,16,42.778,38.599,25.6,Secondary Waterhole
EL-332,54,10,42.175,38.365,29.7,Migration Corridor
EL-407,29,4,37.246,33.512,26.6,Migration Corridor
EL-785,7,11,33.723,30.597,23.4,Migration Corridor
EL-330,36,17,26.301,29.395,19.9,Migration Corridor
EL-265,70,22,7.856,39.691,31.3,Main Waterhole
EL-189,82,22,7.698,40.108,25.4,Main Waterhole
EL-127,84,14,7.545,39.692,24.1,Main Waterhole
EL-776,26,15,18.978,30.122,20.1,Migration Corridor
EL-859,18,11,26.838,7.664,24.3,Feeding Ground
EL-114,38,9,41.608,37.673,24.4,Secondary Waterhole
EL-589,31,15,45.521,15.351,27.6,Home Range
EL-102,17,17,36.504,33.255,28.0,Migration Corridor
EL-570,33,8,42.103,38.278,27.1,Secondary Waterhole
EL-372,13,23,42.435,38.588,30.3,Secondary Waterhole
EL-243,78,15,19.519,29.567,30.6,Migration Corridor
EL-986,78,21,24.775,7.546,24.5,Feeding Ground
EL-655,65,11,24.574,9.301,22.9,Feeding Ground
EL-102,29,11,47.084,12.386,20.6,Home Range
EL-670,77,12,8.167,39.682,27.7,Main Waterhole
EL-183,35,21,42.655,38.874,24.9,Secondary Waterhole
EL-293,14,0,26.216,7.29,20.5,Feeding Ground
EL-240,63,13,46.642,20.822,34.5,Stray/Noise
EL-931,31,0,7.911,39.544,23.7,Main Waterhole
EL-146,90,18,44.542,12.289,27.0,Home Range
EL-384,37,6,42.555,38.088,30.1,Secondary Waterhole
EL-820,16,7,45.799,11.625,24.7,Home Range
EL-943,77,23,19.965,31.855,30.9,Migration Corridor
EL-886,16,19,41.748,37.872,34.4,Secondary Waterhole
EL-522,73,4,23.729,29.708,26.3,Migration Corridor
EL-869,24,16,7.786,40.375,32.1,Main Waterhole
EL-752,41,23,41.362,38.49,20.5,Secondary Waterhole
EL-997,49,14,24.837,6.224,29.2,Feeding Ground
EL-793,5,14,7.979,39.599,23.9,Main Waterhole
EL-350,31,8,8.334,40.03,22.2,Main Waterhole
EL-487,35,15,24.88,8.174,35.4,Feeding Ground
EL-751,74,15,7.666,39.813,25.5,Main Waterhole
EL-699,73,19,41.739,37.941,33.8,Secondary Waterhole
EL-990,12,7,41.79,38.447,28.5,Secondary Waterhole
EL-419,54,19,26.968,30.111,32.0,Migration Corridor
EL-993,53,21,7.853,39.718,20.5,Main Waterhole
EL-392,86,13,8.489,39.873,24.6,Main Waterhole
EL-730,6,7,10.725,36.828,16.0,Migration Corridor
EL-854,43,23,8.273,40.622,35.1,Main Waterhole
EL-531,80,7,1.145,6.642,28.7,Stray/Noise
EL-334,74,23,8.194,39.893,20.1,Main Waterhole
EL-667,50,12,26.054,8.228,25.7,Feeding Ground
EL-641,61,6,7.966,40.217,28.3,Main Waterhole
EL-568,13,22,24.285,8.735,16.8,Feeding Ground
EL-646,27,4,14.96,33.66,29.3,Migration Corridor
EL-971,62,5,24.783,7.96,19.1,Feeding Ground
EL-890,21,12,48.148,14.771,31.6,Home Range
EL-627,14,10,42.582,39.019,33.1,Secondary Waterhole
EL-736,70,0,41.423,37.791,25.0,Secondary Waterhole
EL-534,1,2,4.171,14.376,18.1,Stray/Noise
EL-908,66,5,44.128,21.407,25.8,Stray/Noise
EL-654,29,1,25.987,8.089,33.6,Feeding Ground
EL-249,31,22,8.458,39.766,38.4,Migration Corridor
EL-213,54,20,24.872,9.639,35.3,Feeding Ground
EL-360,66,18,20.829,31.171,22.8,Migration Corridor
EL-199,67,19,47.377,12.11,25.9,Home Range
EL-950,82,23,7.416,40.108,29.8,Main Waterhole
EL-482,21,1,10.76,37.078,37.2,Migration Corridor
EL-446,7,1,8.347,39.647,24.2,Main Waterhole
EL-109,25,3,22.907,8.257,19.2,Feeding Ground
EL-958,86,1,44.167,13.627,29.7,Home Range
EL-190,61,7,9.643,38.264,21.2,Migration Corridor
EL-546,7,14,39.571,11.632,24.1,Home Range
EL-109,17,10,8.073,39.765,21.9,Main Waterhole
EL-994,71,21,7.897,40.522,32.3,Main Waterhole
EL-375,2,16,7.844,40.219,15.0,Main Waterhole
EL-560,33,1,8.286,40.266,25.2,Main Waterhole
EL-855,70,19,3.472,41.135,25.4,Stray/Noise
EL-832,65,4,8.876,39.96,25.1,Main Waterhole
EL-655,65,2,8.497,40.156,28.7,Main Waterhole
EL-387,69,17,41.816,6.988,25.1,Stray/Noise
EL-880,39,2,25.215,7.106,27.1,Feeding Ground
EL-811,89,18,21.06,30.208,28.5,Migration Corridor
EL-536,25,21,10.625,37.15,28.3,Migration Corridor
EL-441,27,18,25.256,8.866,27.8,Feeding Ground
EL-169,49,5,26.65,29.267,16.8,Migration Corridor
EL-107,2,23,38.758,34.931,30.1,Migration Corridor
EL-958,39,1,26.954,28.8,34.1,Migration Corridor
EL-443,52,16,23.443,6.397,27.2,Feeding Ground
EL-319,27,10,45.054,11.046,26.8,Home Range
EL-291,33,16,13.751,35.271,16.8,Migration Corridor
EL-875,67,20,8.09,39.418,25.6,Main Waterhole
EL-590,71,18,7.775,39.958,24.0,Main Waterhole
EL-746,32,9,24.065,29.362,30.1,Migration Corridor
EL-235,11,8,45.936,9.299,29.3,Home Range
EL-887,79,1,7.785,39.789,17.3,Main Waterhole
EL-107,39,13,24.447,7.52,18.4,Feeding Ground
EL-295,21,21,45.819,11.4,21.8,Home Range
EL-595,26,20,7.795,39.925,34.7,Main Waterhole
EL-575,43,9,24.758,6.057,30.2,Feeding Ground
EL-414,48,9,25.943,7.856,24.6,Feeding Ground
EL-741,70,13,26.016,3.46,23.5,Stray/Noise
EL-561,33,1,24.305,9.21,26.5,Feeding Ground
EL-887,8,4,45.593,8.864,27.4,Home Range
EL-649,55,23,42.73,38.819,23.6,Secondary Waterhole
EL-834,84,5,41.446,37.791,35.8,Secondary Waterhole
EL-981,33,12,8.135,39.961,21.8,Main Waterhole
EL-541,88,2,8.487,39.949,30.4,Main Waterhole
EL-181,20,15,8.342,40.678,31.3,Main Waterhole
EL-825,72,3,7.857,39.798,19.2,Main Waterhole
EL-339,59,22,7.817,39.842,25.8,Main Waterhole
EL-337,18,7,44.231,14.622,30.1,Home Range
EL-880,23,6,8.009,39.671,35.9,Main Waterhole
EL-524,44,18,24.989,7.742,19.6,Feeding Ground
EL-197,76,3,42.401,38.435,26.4,Secondary Waterhole
EL-397,31,6,41.178,37.837,27.4,Secondary Waterhole
EL-419,1,9,8.291,39.675,32.7,Main Waterhole
EL-877,1,20,23.051,29.342,25.4,Migration Corridor
EL-536,3,13,42.18,37.619,25.4,Secondary Waterhole
EL-226,28,7,41.262,36.922,22.8,Migration Corridor
EL-303,19,17,47.072,13.059,14.2,Home Range
EL-731,26,11,26.423,8.914,26.2,Feeding Ground
EL-638,21,21,12.214,33.697,15.5,Stray/Noise
EL-183,59,19,8.069,40.602,29.2,Main Waterhole
EL-898,56,21,46.987,13.119,27.8,Home Range
EL-900,70,20,42.108,37.659,24.9,Secondary Waterhole
EL-728,23,18,26.275,28.473,27.3,Migration Corridor
EL-157,52,12,41.751,38.042,29.3,Secondary Waterhole
EL-912,78,20,34.819,32.884,31.0,Migration Corridor
EL-502,16,21,7.83,40.398,24.1,Main Waterhole
EL-245,54,5,42.015,38.331,25.8,Secondary Waterhole
EL-178,44,19,45.374,13.146,29.3,Home Range
EL-653,18,21,25.112,7.51,22.0,Feeding Ground
EL-192,15,4,29.735,22.349,18.4,Stray/Noise
EL-565,70,22,7.971,39.597,26.2,Main Waterhole
EL-900,52,6,17.444,7.282,23.0,Stray/Noise
EL-739,29,23,8.511,40.369,15.6,Main Waterhole
EL-173,14,2,24.586,8.143,25.9,Feeding Ground
EL-142,83,20,7.525,40.075,27.8,Main Waterhole
EL-884,36,3,7.762,39.283,31.6,Main Waterhole
EL-450,50,4,24.461,7.034,33.0,Feeding Ground
EL-268,82,4,5.707,13.642,17.9,Stray/Noise
EL-953,13,12,41.768,37.049,25.7,Secondary Waterhole
EL-466,50,23,24.721,8.139,32.3,Feeding Ground
EL-282,28,7,41.802,36.882,24.9,Secondary Waterhole
EL-849,17,3,38.119,10.477,26.9,Stray/Noise
EL-692,18,11,42.151,37.679,29.2,Secondary Waterhole
EL-336,19,3,42.578,38.048,20.0,Secondary Waterhole
EL-138,56,9,36.193,33.485,31.3,Migration Corridor
EL-690,90,11,26.22,6.74,24.5,Feeding Ground
EL-992,67,17,41.883,37.714,29.9,Secondary Waterhole
EL-570,75,1,43.001,38.481,38.4,Secondary Waterhole
EL-750,3,18,7.078,39.307,36.5,Main Waterhole
EL-538,68,1,24.49,29.038,32.6,Migration Corridor
EL-910,29,18,24.166,8.049,29.1,Feeding Ground
EL-525,44,6,46.716,12.178,30.3,Home Range
EL-126,68,6,42.339,37.676,30.4,Secondary Waterhole
EL-314,89,9,35.738,33.948,27.4,Migration Corridor
EL-796,18,12,19.32,30.071,33.9,Migration Corridor
EL-453,19,21,24.692,8.657,36.0,Feeding Ground
EL-960,28,9,47.615,12.671,30.8,Home Range
EL-316,61,6,31.812,31.058,21.2,Migration Corridor
EL-455,42,8,46.394,11.24,21.7,Home Range
EL-725,73,6,8.025,39.961,28.9,Main Waterhole
EL-680,58,9,18.138,30.499,25.0,Migration Corridor
EL-206,72,0,34.879,32.646,34.4,Migration Corridor
EL-285,35,11,24.837,9.114,26.2,Feeding Ground
EL-399,60,1,8.01,39.829,25.3,Main Waterhole
EL-940,47,14,43.701,11.67,32.4,Home Range
EL-239,77,0,42.169,37.983,29.5,Secondary Waterhole
EL-925,25,23,36.58,32.286,29.1,Migration Corridor
EL-193,21,6,41.055,11.972,23.2,Home Range
EL-635,84,4,7.865,40.107,27.4,Main Waterhole
EL-234,9,1,8.191,40.065,21.7,Main Waterhole
EL-686,82,2,41.891,38.232,22.3,Secondary Waterhole
EL-298,12,5,41.514,38.101,25.6,Secondary Waterhole
EL-423,37,18,25.277,8.57,28.9,Feeding Ground
EL-519,83,6,41.794,37.491,28.5,Secondary Waterhole
EL-458,42,6,41.617,38.255,37.6,Secondary Waterhole
EL-878,35,2,41.809,36.978,19.0,Secondary Waterhole
EL-751,15,23,45.637,10.302,26.6,Home Range
EL-801,53,20,23.368,8.38,33.3,Feeding Ground
EL-541,46,1,42.473,12.716,29.2,Home Range
EL-576,82,15,7.96,40.322,24.4,Main Waterhole
EL-944,57,2,8.075,39.654,26.0,Main Waterhole
EL-789,62,13,45.533,10.678,27.7,Home Range
EL-167,18,3,8.28,40.357,34.4,Main Waterhole
EL-620,69,4,42.043,38.253,22.5,Secondary Waterhole
EL-745,53,7,43.345,35.952,35.8,Stray/Noise
EL-782,33,9,22.481,7.837,30.3,Feeding Ground
EL-576,83,12,18.677,31.024,26.0,Migration Corridor
EL-111,53,0,25.648,7.485,25.5,Feeding Ground
EL-468,51,5,41.846,37.609,26.8,Secondary Waterhole
EL-656,81,10,39.933,35.805,28.1,Migration Corridor
EL-207,16,9,41.691,37.947,32.5,Secondary Waterhole
EL-939,32,4,33.181,28.59,29.4,Stray/Noise
EL-621,37,0,42.417,11.199,24.8,Home Range
EL-159,70,2,8.4,39.809,27.7,Main Waterhole
EL-313,88,0,41.681,37.877,26.6,Secondary Waterhole
EL-358,82,9,22.685,6.935,36.1,Feeding Ground
EL-583,71,10,14.238,34.845,30.9,Migration Corridor
EL-631,7,0,8.273,40.41,21.8,Main Waterhole
EL-763,2,22,24.564,10.518,26.7,Feeding Ground
EL-236,56,19,8.627,39.559,24.8,Main Waterhole
EL-755,27,4,42.187,38.068,32.8,Secondary Waterhole
EL-141,79,19,25.444,6.533,27.8,Feeding Ground
EL-417,44,0,25.913,8.635,24.2,Feeding Ground
EL-466,15,0,26.132,8.08,33.8,Feeding Ground
EL-151,11,17,25.517,7.96,25.4,Feeding Ground
EL-120,31,4,41.921,38.325,34.5,Secondary Waterhole
EL-354,85,18,8.308,39.96,27.1,Main Waterhole
EL-384,35,23,25.674,6.73,31.0,Feeding Ground
EL-685,2,17,26.062,28.886,29.1,Migration Corridor
EL-571,70,18,36.647,33.976,26.3,Migration Corridor
EL-227,5,19,8.183,39.8,30.8,Main Waterhole
EL-678,88,19,22.116,28.551,18.9,Migration Corridor
EL-978,45,4,20.035,29.955,29.1,Migration Corridor
EL-583,53,22,8.195,39.73,23.6,Main Waterhole
EL-723,7,11,7.832,40.19,29.4,Main Waterhole
EL-534,40,6,26.546,8.161,31.3,Feeding Ground
EL-329,40,6,43.953,12.244,25.3,Home Range
EL-699,64,1,8.196,40.267,30.2,Main Waterhole
EL-179,51,10,40.975,13.922,25.0,Stray/Noise
EL-709,18,1,8.397,40.248,26.0,Main Waterhole
EL-246,23,11,38.825,9.036,28.1,Stray/Noise
EL-879,89,4,8.844,38.384,28.4,Migration Corridor
EL-717,6,18,25.672,8.73,21.5,Feeding Ground
EL-739,3,10,8.272,40.097,34.3,Main Waterhole
EL-552,15,5,9.877,0.893,23.6,Stray/Noise
EL-361,25,12,7.589,40.117,29.1,Main Waterhole
EL-664,76,4,24.406,8.037,26.5,Feeding Ground
EL-694,76,19,44.807,11.676,25.3,Home Range
EL-141,8,20,7.443,39.564,21.8,Main Waterhole
EL-597,3,20,37.259,35.162,28.4,Migration Corridor
EL-839,43,8,26.494,7.958,33.1,Feeding Ground
EL-425,17,10,16.081,10.228,25.9,Stray/Noise
EL-771,56,5,26.147,34.834,24.0,Stray/Noise
EL-974,10,12,24.59,6.19,25.0,Feeding Ground
EL-373,2,12,30.559,11.513,21.0,Stray/Noise
EL-582,28,15,8.093,40.408,21.5,Main Waterhole
EL-359,60,23,42.006,38.672,25.7,Secondary Waterhole
EL-984,87,15,7.656,40.276,30.4,Main Waterhole
EL-873,62,9,8.008,39.734,26.8,Main Waterhole
EL-357,67,8,7.927,39.88,25.6,Main Waterhole
EL-857,88,17,42.312,38.264,26.9,Secondary Waterhole
EL-338,2,10,8.597,39.743,34.8,Main Waterhole
EL-113,56,2,44.35,12.29,25.0,Home Range
EL-656,41,7,8.679,39.47,23.6,Main Waterhole
EL-170,13,13,7.464,40.171,32.6,Main Waterhole
EL-580,43,5,8.025,39.676,15.3,Main Waterhole
EL-851,37,13,41.961,36.974,23.8,Migration Corridor
EL-421,32,11,41.601,14.252,31.0,Home Range
EL-854,3,15,8.344,39.579,29.6,Main Waterhole
EL-408,73,9,24.755,9.073,28.6,Feeding Ground
EL-922,25,18,23.647,10.589,25.1,Feeding Ground
EL-191,11,19,7.762,40.487,30.3,Main Waterhole
EL-808,32,13,25.345,8.714,34.7,Feeding Ground
EL-890,90,1,41.735,37.895,27.4,Secondary Waterhole
EL-366,49,11,24.332,6.986,29.9,Feeding Ground
EL-241,48,5,25.16,7.421,21.5,Feeding Ground
EL-857,36,17,41.371,37.893,32.5,Secondary Waterhole
EL-646,82,3,29.727,29.023,19.0,Migration Corridor
EL-397,49,6,8.341,40.443,28.9,Main Waterhole
EL-682,12,13,26.416,29.585,29.5,Migration Corridor
EL-169,13,6,41.895,37.89,28.4,Secondary Waterhole
EL-545,80,6,25.727,8.599,22.7,Feeding Ground
EL-278,33,2,21.058,30.869,26.9,Migration Corridor
EL-134,16,8,24.986,29.543,25.4,Migration Corridor
EL-571,88,17,26.035,28.685,22.2,Migration Corridor
EL-109,22,3,42.599,38.115,27.9,Secondary Waterhole
EL-657,51,15,44.764,9.329,20.8,Stray/Noise
EL-280,73,13,11.643,35.977,31.5,Migration Corridor
EL-196,72,2,16.053,32.182,30.0,Migration Corridor
EL-770,82,19,15.555,32.3,24.1,Migration Corridor
EL-798,5,17,41.461,38.243,31.4,Secondary Waterhole
EL-218,89,16,23.999,8.206,19.9,Feeding Ground
EL-737,52,19,41.528,38.46,23.4,Secondary Waterhole
EL-820,16,11,17.748,13.404,27.1,Stray/Noise
EL-634,42,6,24.169,6.444,30.3,Feeding Ground
EL-439,35,6,11.701,36.626,21.8,Migration Corridor
EL-580,1,18,49.105,10.697,30.5,Home Range
EL-164,10,19,23.09,7.252,22.2,Feeding Ground
EL-846,75,6,8.15,39.687,25.0,Main Waterhole
EL-271,87,10,42.625,37.805,27.5,Secondary Waterhole
EL-906,52,7,8.356,39.49,18.9,Main Waterhole
EL-272,50,0,7.308,40.003,33.2,Main Waterhole
EL-367,31,1,3.697,38.555,23.6,Stray/Noise
EL-688,4,15,8.135,39.607,18.6,Main Waterhole
EL-611,13,22,41.501,37.378,22.4,Secondary Waterhole
EL-942,14,14,7.855,39.985,31.0,Main Waterhole
EL-927,58,9,31.862,38.807,24.0,Stray/Noise
EL-351,63,6,8.067,40.076,19.1,Main Waterhole
EL-528,85,5,26.133,7.755,23.7,Feeding Ground
EL-272,65,10,42.544,37.611,26.4,Secondary Waterhole
EL-857,90,10,8.426,40.438,24.9,Main Waterhole
EL-185,65,17,8.602,39.692,27.0,Main Waterhole
EL-900,88,22,47.347,14.611,23.7,Home Range
EL-217,38,15,42.053,37.498,25.0,Secondary Waterhole
EL-518,53,19,41.584,38.201,27.8,Secondary Waterhole
EL-401,80,2,42.105,11.252,25.4,Home Range
EL-633,44,21,41.548,38.009,26.6,Secondary Waterhole
EL-330,37,18,7.925,40.046,25.5,Main Waterhole
EL-509,18,19,41.911,37.824,29.4,Secondary Waterhole
EL-565,68,2,22.38,30.348,26.1,Migration Corridor
EL-585,33,19,26.42,9.208,24.8,Feeding Ground
EL-704,31,3,8.457,39.91,27.7,Main Waterhole
EL-401,6,13,7.906,40.5,21.0,Main Waterhole
EL-596,23,21,8.235,39.558,32.5,Migration Corridor
EL-721,23,0,8.185,39.532,29.7,Main Waterhole
EL-886,42,7,25.96,29.339,32.4,Migration Corridor
EL-469,61,3,41.959,37.172,32.9,Secondary Waterhole
EL-304,70,5,26.234,6.796,24.2,Feeding Ground
EL-352,65,8,23.801,29.615,29.5,Migration Corridor
EL-710,67,11,7.887,39.483,30.4,Main Waterhole
EL-494,75,21,21.567,30.03,24.9,Migration Corridor
EL-884,45,18,7.74,40.113,29.4,Main Waterhole
EL-304,78,17,7.45,40.351,24.3,Main Waterhole
EL-422,41,11,7.949,39.721,27.1,Main Waterhole
EL-678,30,16,24.342,8.339,27.2,Feeding Ground
EL-347,13,12,8.505,40.628,25.9,Main Waterhole
EL-240,18,11,24.321,7.458,21.0,Feeding Ground
EL-839,58,12,8.412,39.963,31.8,Main Waterhole
EL-283,24,17,41.964,38.266,28.2,Secondary Waterhole
EL-178,18,19,44.574,11.489,28.2,Home Range
EL-452,38,11,22.705,29.759,33.1,Migration Corridor
EL-261,51,18,41.447,38.049,39.7,Secondary Waterhole
EL-143,10,9,7.42,40.06,26.0,Main Waterhole
EL-918,30,10,42.023,37.599,31.5,Secondary Waterhole
EL-485,59,0,7.631,39.668,25.6,Main Waterhole
EL-427,26,1,43.106,37.409,37.1,Secondary Waterhole
EL-651,40,15,24.239,7.535,32.0,Feeding Ground
EL-522,86,21,8.115,40.455,32.5,Main Waterhole
EL-156,69,8,16.818,32.573,26.9,Migration Corridor
EL-856,67,13,8.168,39.665,24.6,Main Waterhole
EL-374,1,19,31.644,30.987,20.5,Migration Corridor
EL-884,76,2,25.618,28.257,20.3,Migration Corridor
EL-594,58,17,42.27,37.806,23.3,Secondary Waterhole
EL-713,66,8,40.058,36.226,26.6,Migration Corridor
EL-366,48,4,7.965,40.274,20.7,Main Waterhole
EL-835,21,16,7.814,39.42,33.5,Main Waterhole
EL-537,73,16,25.152,8.706,31.2,Feeding Ground
EL-335,61,23,7.972,40.322,25.7,Main Waterhole
EL-811,44,4,7.945,39.695,30.1,Main Waterhole
EL-351,7,17,7.641,40.612,22.6,Main Waterhole
EL-241,39,12,42.352,38.426,22.4,Secondary Waterhole
EL-916,18,7,8.376,39.717,22.9,Main Waterhole
EL-277,5,9,39.107,36.251,22.7,Migration Corridor
EL-635,42,18,8.096,39.408,25.3,Main Waterhole
EL-712,40,2,45.261,10.763,30.1,Home Range
EL-627,48,10,41.469,38.461,22.4,Secondary Waterhole
EL-956,3,7,7.815,40.109,24.4,Main Waterhole
EL-416,13,5,8.19,39.281,26.0,Main Waterhole
EL-221,39,20,41.717,38.525,26.4,Secondary Waterhole
EL-581,12,22,40.3,35.266,24.6,Migration Corridor
EL-130,89,4,42.496,38.175,24.2,Secondary Waterhole
EL-195,28,22,7.91,40.03,26.5,Main Waterhole
EL-960,6,1,43.831,10.986,25.2,Home Range
EL-595,70,16,10.698,37.26,23.6,Migration Corridor
EL-747,64,2,7.472,40.137,20.3,Main Waterhole
EL-306,7,18,24.765,5.71,19.8,Feeding Ground
EL-161,7,4,41.287,37.199,32.4,Secondary Waterhole
EL-301,64,9,8.165,40.324,26.5,Main Waterhole
EL-667,34,12,7.504,40.004,24.4,Main Waterhole
EL-186,15,0,41.156,38.494,29.0,Secondary Waterhole
EL-980,84,14,50.243,9.542,27.3,Home Range
EL-251,13,3,25.202,7.986,24.8,Feeding Ground
EL-800,31,13,7.783,39.72,26.4,Main Waterhole
EL-228,18,18,25.553,6.49,30.3,Feeding Ground
EL-567,84,17,8.734,40.534,34.0,Main Waterhole
EL-277,12,10,42.727,38.088,29.3,Secondary Waterhole
EL-426,67,17,27.594,28.911,31.8,Migration Corridor
EL-433,53,7,39.67,35.968,30.0,Migration Corridor
EL-167,1,4,8.375,39.968,27.0,Main Waterhole
EL-562,66,8,25.112,7.525,30.5,Feeding Ground
EL-860,19,16,43.423,8.335,26.3,Home Range
EL-685,72,2,25.036,9.615,22.7,Feeding Ground
EL-384,43,9,8.496,40.547,23.7,Main Waterhole
EL-348,14,12,8.068,40.248,24.8,Main Waterhole
EL-648,12,6,30.075,29.992,23.4,Migration Corridor
EL-610,5,2,8.422,40.267,24.3,Main Waterhole
EL-992,62,19,35.332,33.967,23.3,Migration Corridor
EL-687,73,3,7.76,39.97,23.0,Main Waterhole
EL-628,81,0,7.827,39.886,29.5,Main Waterhole
EL-210,52,7,25.32,7.601,31.8,Feeding Ground
EL-262,60,18,8.317,39.956,23.5,Main Waterhole
EL-271,67,7,42.092,38.547,30.9,Secondary Waterhole
EL-356,26,7,42.29,37.256,25.1,Secondary Waterhole
EL-388,81,22,24.646,6.651,33.8,Feeding Ground
EL-188,51,8,42.045,38.24,22.7,Secondary Waterhole
EL-485,74,12,43.914,13.487,33.4,Home Range
EL-336,76,15,29.505,29.625,24.0,Migration Corridor
EL-588,75,3,7.941,40.171,13.9,Main Waterhole
EL-605,65,21,25.805,9.386,23.9,Feeding Ground
EL-856,1,19,42.026,38.11,34.4,Secondary Waterhole
EL-761,36,11,27.814,28.32,31.6,Migration Corridor
EL-739,79,9,24.283,8.566,22.0,Feeding Ground
EL-296,50,7,8.23,40.309,21.2,Main Waterhole
EL-411,10,9,21.952,29.844,37.8,Migration Corridor
EL-839,90,23,14.043,34.482,20.4,Migration Corridor
EL-628,10,13,35.628,32.461,27.1,Migration Corridor
EL-933,31,17,8.092,40.131,23.5,Main Waterhole
EL-949,49,23,30.563,29.465,29.1,Migration Corridor
EL-852,42,3,7.892,39.888,28.2,Main Waterhole
EL-323,21,7,34.528,31.197,27.3,Migration Corridor
EL-983,1,11,24.986,8.039,20.1,Feeding Ground
EL-344,21,19,44.042,12.069,34.4,Home Range
EL-883,57,13,41.526,37.69,29.3,Secondary Waterhole
EL-306,69,2,8.448,40.219,27.9,Main Waterhole
EL-647,28,2,17.686,30.678,26.6,Migration Corridor
EL-177,38,2,41.431,37.497,30.2,Secondary Waterhole
EL-675,48,6,41.441,37.11,34.7,Migration Corridor
EL-787,55,21,20.121,30.608,29.9,Migration Corridor
EL-442,71,11,46.561,11.161,26.9,Home Range
EL-253,26,16,25.963,8.798,31.1,Feeding Ground
EL-186,88,1,43.245,13.322,24.9,Home Range
EL-978,28,9,8.392,39.797,32.7,Main Waterhole
EL-667,85,3,22.302,28.911,29.6,Migration Corridor
EL-810,17,20,28.898,29.847,17.4,Migration Corridor
EL-591,41,9,26.212,7.863,27.1,Feeding Ground
EL-742,73,5,45.911,9.996,27.2,Home Range
EL-410,88,7,8.078,39.723,33.4,Main Waterhole
EL-878,13,7,8.846,39.799,30.4,Main Waterhole
EL-655,16,12,8.059,39.617,17.3,Main Waterhole
EL-623,3,11,8.288,39.819,20.4,Main Waterhole
EL-344,42,3,7.879,40.112,15.4,Main Waterhole
EL-352,71,10,13.08,33.793,20.0,Migration Corridor
EL-421,71,11,30.243,29.741,29.9,Migration Corridor
EL-245,62,6,43.656,14.086,31.5,Home Range
EL-564,58,16,24.309,6.617,30.7,Feeding Ground
EL-573,9,20,7.781,40.123,23.5,Main Waterhole
